id,user,password,alive,opp,pid,kills,p1,p2,p3,p4
6ee3,varen7,gundluru,0.0,46a3,19,['7eda'],1.0,1.0,0.0,0.0
71dc,natalia7,iancu,0.0,61e2,5,[],0.0,0.0,0.0,0.0
334d,mauricio7,lopez,0.0,61e2,1,[],0.0,0.0,0.0,0.0
3b11,charles7,riely,0.0,0cac,38,[],1.0,1.0,1.0,0.0
167c,karelis8,carrasco,0.0,7115,28,"['1186', '0a2e']",1.0,1.0,0.0,0.0
7115,luis8,collazo,0.0,7f5d,34,"['70b4', '167c', '0a85']",1.0,1.0,1.0,0.0
7eda,jose8,llenin,0.0,6ee3,14,[],1.0,0.0,0.0,0.0
46a3,arturo8,marxuach,0.0,7f5d,43,"['5589', '55cb', '7412', '6ee3', '5589']",1.0,1.0,1.0,1.0
5d00,carlos8,melendez,0.0,0a2e,8,[],0.0,0.0,0.0,0.0
5496,maddox8,nguyen,0.0,0a2e,23,[],0.0,0.0,0.0,0.0
041e,manuel8,rodriguez,0.0,61e2,9,[],1.0,0.0,0.0,0.0
2a7e,he8,shan,0.0,7f5d,37,"['05d4', '5c13', '2720', '5c13']",1.0,1.0,1.0,0.0
721b,mara8,villafuerte,0.0,7f5d,39,[],1.0,1.0,1.0,0.0
0a2e,nelson9,alsina,0.0,167c,26,"['5d00', '5c06', '5496']",1.0,1.0,0.0,0.0
64e6,angel9,pagan,0.0,5c13,33,[],1.0,1.0,1.0,0.0
2720,manesh9,palai,0.0,2a7e,29,[],1.0,1.0,1.0,0.0
5c13,gabriel9,vera,0.0,2a7e,36,['64e6'],1.0,1.0,1.0,0.0
61e2,alvaro9,villafuerte,0.0,5563,22,"['041e', '334d', '71dc', '041e', '64e6']",1.0,1.0,0.0,0.0
69dd,luis10,aponte,0.0,none,none,[],0.0,0.0,0.0,0.0
05d4,lucas10,carlo,0.0,2a7e,7,[],1.0,0.0,0.0,0.0
5c06,hugo10,cordova,0.0,0a2e,18,[],0.0,0.0,0.0,0.0
1b96,vanessa10,costas,0.0,0cac,13,[],1.0,0.0,0.0,0.0
7412,shanti10,isaac,0.0,46a3,12,[],0.0,0.0,0.0,0.0
56b3,summer10,lu,0.0,0cac,25,[],1.0,1.0,0.0,0.0
31d6,quan10,shan,0.0,none,none,[],0.0,0.0,0.0,0.0
6499,natalia11,andreu,0.0,5563,24,[],1.0,1.0,0.0,0.0
37e0,abner11,cardona,1.0,none,none,"['0cac', '6b85']",0.0,0.0,0.0,1.0
6b85,andres11,lopez,0.0,37e0,42,[],0.0,0.0,0.0,0.0
5563,nirvana11,marrero,0.0,7f5d,35,"['7f5d', '61e2', '6499']",1.0,1.0,0.0,0.0
1186,victoria11,martinez,0.0,167c,15,[],1.0,1.0,0.0,0.0
55cb,ariana11,rivera,0.0,46a3,11,[],1.0,0.0,0.0,0.0
7f5d,yadiel11,ruiz,0.0,37e0,44,"['7115', '1b96', '5563', '7115', '5563', '2a7e', '721b', '5bcd', '46a3']",1.0,1.0,1.0,0.0
5589,wyatt11,wunker,0.0,46a3,30,['46a3'],1.0,1.0,1.0,0.0
0cac,elsa12,deshmukh,0.0,37e0,41,"['1b96', '56b3', '3b11']",1.0,1.0,1.0,0.0
0a85,sebastian12,rivera,0.0,7115,32,['46a3'],1.0,1.0,1.0,0.0
4068,carlos12,rodriguez,0.0,none,none,[],0.0,0.0,0.0,0.0
5bcd,avner12,romero,0.0,7f5d,40,['46a3'],1.0,1.0,1.0,1.0
70b4,andres12,zacapa,0.0,7115,3,[],0.0,0.0,0.0,0.0
4683,,,,,,,1.0,,,
